[
  {
    "Champions": [
      "Ahri",
      "Anivia",
      "Annie",
      "Ashe",
      "Azir",
      "Brand",
      "Caitlyn",
      "Cassiopeia",
      "Corki",
      "Draven",
      "Ezreal",
      "Graves",
      "Jinx",
      "Kalista",
      "Karma",
      "Karthus",
      "Katarina",
      "Kennen",
      "KogMaw",
      "Leblanc",
      "Kindred",
      "Lucian",
      "Lux",
      "Malzahar",
      "MasterYi",
      "MissFortune",
      "Orianna",
      "Quinn",
      "Sivir",
      "Syndra",
      "Talon",
      "Teemo",
      "Tristana",
      "TwistedFate",
      "Twitch",
      "Varus",
      "Vayne",
      "Veigar",
      "Velkoz",
      "Viktor",
      "Xerath",
      "Zed",
      "Ziggs",
      "Soraka"
    ],
    "Value": 4
  },
  {
    "Champions": [
      "Akali",
      "Diana",
      "Ekko",
      "Fiddlesticks",
      "Fiora",
      "Fizz",
      "Heimerdinger",
      "Illaoi",
      "Jayce",
      "Kassadin",
      "Kayle",
      "KhaZix",
      "Kindred",
      "Lissandra",
      "Mordekaiser",
      "Nidalee",
      "Riven",
      "Shaco",
      "Vladimir",
      "Yasuo",
      "Zilean"
    ],
    "Value": 3
  },
  {
    "Champions": [
      "Aatrox",
      "Darius",
      "Elise",
      "Evelynn",
      "Galio",
      "Gangplank",
      "Gragas",
      "Irelia",
      "Jax",
      "LeeSin",
      "Maokai",
      "Morgana",
      "Nocturne",
      "Pantheon",
      "Poppy",
      "Rengar",
      "Rumble",
      "Ryze",
      "Swain",
      "Trundle",
      "Tryndamere",
      "Udyr",
      "Urgot",
      "Vi",
      "XinZhao",
      "RekSai"
    ],
    "Value": 2
  },
  {
    "Champions": [
      "Alistar",
      "Amumu",
      "Bard",
      "Blitzcrank",
      "Braum",
      "ChoGath",
      "DrMundo",
      "Garen",
      "Gnar",
      "Hecarim",
      "Janna",
      "JarvanIV",
      "Leona",
      "Lulu",
      "Malphite",
      "Nami",
      "Nasus",
      "Nautilus",
      "Nunu",
      "Olaf",
      "Rammus",
      "Renekton",
      "Sejuani",
      "Shen",
      "Shyvana",
      "Singed",
      "Sion",
      "Skarner",
      "Sona",
      "TahmKench",
      "Taric",
      "Thresh",
      "Volibear",
      "Warwick",
      "MonkeyKing",
      "Yorick",
      "Zac",
      "Zyra"
    ],
    "Value": 1
  }
]